{
    "XGBoost": {
        "r2_score": 0.7532195891729143,
        "mae": 1718669.7500000056,
        "rmse": 2548287.9092014236,
        "features": [
            "AGE",
            "DWT",
            "GRT",
            "Puissance_Moteur",
            "TYPE_ENCODED",
            "is_IACS",
            "PAYS_ENC"
        ],
        "feature_importance": [
            0.1605253517627716,
            0.1420346051454544,
            0.02755400538444519,
            0.011002778075635433,
            0.5532900094985962,
            0.0007238121470436454,
            0.10486952215433121
        ]
    },
    "Random Forest": {
        "r2_score": 0.6823401058278478,
        "mae": 1804749.243799421,
        "rmse": 2458404.1195575874,
        "features": [
            "AGE",
            "DWT",
            "GRT",
            "Puissance_Moteur",
            "TYPE_ENCODED",
            "is_IACS",
            "PAYS_ENC"
        ],
        "feature_importance": [
            0.40974872675650115,
            0.12282191478236455,
            0.21844571540456648,
            0.11650729698257087,
            0.09915311688128554,
            0.0033824363665182935,
            0.029940792826193285
        ]
    }
}